,index,Model,TDP
0,0,Dual-core PowerPC MPC8641D,15-25 W
1,1,PowerPC 750FX,3.6 W
2,2,PowerPC 750CXe,6 W
3,3,PowerPC MGT560,0.5 W
4,4,PowerPC 440GX,4.5 W
5,5,PowerPC 970,42 W
6,6,PowerPC 7400e,30 W
7,0,Pentium,8.1 W
8,0,Pentium MMX,13.1 W
9,0,Pentium II 233,34.8 W
10,1,Pentium II 266,38.2 W
11,2,Pentium II 300,43 W
12,5,Pentium II 333,20.6 W
13,6,Pentium II Overdrive,
14,7,Pentium II 350,21.5 W
15,8,Pentium II 400,24.3 W
16,9,Pentium II 450,27.1 W
17,0,Pentium III 450,33.76 W
18,1,Pentium III 500,37.52 W
19,2,Pentium III 533B,39.04 W
20,3,Pentium III 550,39.8 W
21,4,Pentium III 600,42.76 W
22,5,Pentium III 600B,42.76 W
23,6,Pentium III 500E,16 W
24,7,Pentium III 533EB,18.02 W or 17.49 W
25,8,Pentium III 550E,18.7 W or 18.15 W
26,10,Pentium III 600E,22.1 W or 21.45 W
27,11,Pentium III 600EB,"22.1 W, 21.45 W or 20.4 W"
28,12,Pentium III 650,22.1 W or 21.45 W
29,13,Pentium III 667,22.61 W or 21.95 W
30,14,Pentium III 700,"25.9 W, 23.8 W or 23.1 W"
31,15,Pentium III 733,"26.95 W, 24.82 W or 24.09 W"
32,16,Pentium III 750,"27.48 W, 25.5 W or 24.75 W"
33,17,Pentium III 800,27.2 W or 26.4 W
34,18,Pentium III 800EB,"29.05 W, 27.2 W or 26.4 W"
35,19,Pentium III 850,"30.28 W, 27.54 W or 26.73 W"
36,20,Pentium III 866,"30.8 W, 27.71 W or 26.9 W"
37,21,Pentium III 900,32.2 W or 28.9 W
38,22,Pentium III 933,32.9 W or 30.09 W
39,23,Pentium III 1000,35.35 W or 32.98 W
40,24,Pentium III 1000B,32.98 W
41,25,Pentium III 1100,39.55 W
42,26,Pentium III 1133,39.55 W
43,34,Pentium III 1133S,28.9 W or 27.9 W
44,35,Pentium III 1200,29.9 W
45,36,Pentium III 1266S,30.4 W or 29.5 W
46,37,Pentium III 1333,33.9 W
47,38,Pentium III 1400,31.2 W
48,39,Pentium III 1400S,32.2 W or 31.2 W
49,0,Pentium 4 1.3,51.6 W
50,1,Pentium 4 1.4 (Socket 423),54.7 W
51,2,Pentium 4 1.4 (Socket 478),55.3 W
52,3,Pentium 4 1.5 (Socket 423),57.8 W
53,4,Pentium 4 1.5 (Socket 478),57.9 W
54,5,Pentium 4 1.6 (Socket 423),61 W
55,6,Pentium 4 1.6 (Socket 478),60.8 W
56,7,Pentium 4 1.7 (Socket 423),64 W
57,8,Pentium 4 1.7 (Socket 478),63.5 W
58,9,Pentium 4 1.8 (Socket 423),66.7 W
59,10,Pentium 4 1.8 (Socket 478),66.1 W
60,11,Pentium 4 1.9 (Socket 423),69.2 W
61,12,Pentium 4 1.9 (Socket 478),72.8 W
62,13,Pentium 4 2.0 (Socket 423),71.8 W
63,14,Pentium 4 2.0 (Socket 478),75.3 W
64,15,Pentium 4 1.6A,46.8 W
65,16,Pentium 4 1.8A,49.6 W
66,17,Pentium 4 2.0A,52.4 W
67,18,Pentium 4 2.2,55.18 W
68,19,Pentium 4 2.26,56.0 W
69,20,Pentium 4 2.4,59.8 W
70,21,Pentium 4 2.4B,59.8 W
71,22,Pentium 4 2.5,61 W
72,23,Pentium 4 2.53,61.5 W
73,24,Pentium 4 2.6,62.6 W
74,25,Pentium 4 2.66,66.1 W
75,26,Pentium 4 2.8,68.4 W
76,27,Pentium 4 2.8B,68.4 W
77,28,Pentium 4 3.06,81.8 W
78,29,Pentium 4 HT 2.4C,66.2 W
79,30,Pentium 4 HT 2.6,69 W
80,31,Pentium 4 HT 2.8C,69.7 W
81,32,Pentium 4 HT 3.0,81.9 W
82,33,Pentium 4 HT 3.2,82 W
83,34,Pentium 4 HT 3.4,89 W
84,35,Pentium 4 HT Extreme Edition 3.2,92.1 W
85,36,Pentium 4 HT Extreme Edition 3.4,102.9 - 109.6 W
86,37,Pentium 4 HT Extreme Edition 3.46,110.7 W
87,38,Pentium 4 2.4A,89 W
88,39,Pentium 4 2.66A,89 W
89,40,Pentium 4 2.8A,89 W
90,41,Pentium 4 505,84 W
91,42,Pentium 4 505J,84 W
92,43,Pentium 4 506,84 W
93,44,Pentium 4 510,84 W
94,45,Pentium 4 510J,84 W
95,46,Pentium 4 511,84 W
96,47,Pentium 4 515,84 W
97,48,Pentium 4 515J,84 W
98,49,Pentium 4 516,84 W
99,50,Pentium 4 519,84 W
100,51,Pentium 4 519J,84 W
101,52,Pentium 4 519K,84 W
102,53,Pentium 4 HT 2.8E,89 W
103,54,Pentium 4 HT 3.0E,89 W
104,55,Pentium 4 HT 3.2E,89 W
105,56,Pentium 4 HT 3.4E,89 W
106,57,Pentium 4 HT 517,84 W
107,58,Pentium 4 HT 520,84 W
108,59,Pentium 4 HT 520J,84 W
109,60,Pentium 4 HT 521,84 W
110,61,Pentium 4 HT 524,84 W
111,62,Pentium 4 HT 530,84 W
112,63,Pentium 4 HT 530J,84 W
113,64,Pentium 4 HT 531,84 W
114,65,Pentium 4 HT 540,84 W
115,66,Pentium 4 HT 540J,84 W
116,67,Pentium 4 HT 541,84 W
117,68,Pentium 4 HT 550,84 - 115 W
118,69,Pentium 4 HT 550J,84 - 115 W
119,70,Pentium 4 HT 551,84 - 115 W
120,71,Pentium 4 HT 560,115 W
121,72,Pentium 4 HT 560J,115 W
122,73,Pentium 4 HT 561,115 W
123,74,Pentium 4 HT 570,115 W
124,75,Pentium 4 HT 570J,115 W
125,76,Pentium 4 HT 571,115 W
126,77,Pentium 4 HT 620,84 W
127,78,Pentium 4 HT 630,84 W
128,79,Pentium 4 HT 640,84 W
129,80,Pentium 4 HT 650,84 W
130,81,Pentium 4 HT 660,115 W
131,82,Pentium 4 HT 662,84 - 115 W
132,83,Pentium 4 HT 670,115 W
133,84,Pentium 4 HT 672,115 W
134,85,Pentium 4 HT Extreme Edition 3.73,115 W
135,86,Pentium 4 HT 631,65 - 86 W(D0 Stepping)
136,87,Pentium 4 HT 641,65 - 86 W
137,88,Pentium 4 HT 651,65 - 86 W
138,89,Pentium 4 HT 661,65 - 86 W
139,0,Pentium D 805,95 W
140,1,Pentium D 820,95 W
141,2,Pentium D 830,130 W
142,3,Pentium D 840,130 W
143,4,Pentium Extreme Edition 840,130 W
144,5,Pentium D 915,95 W
145,6,Pentium D 920,95 W
146,7,Pentium D 925,95 W
147,8,Pentium D 930,95 W
148,9,Pentium D 935,95 W
149,10,Pentium D 940,95-130 W
150,11,Pentium D 945,95 W
151,12,Pentium D 950,95-130 W
152,13,Pentium Extreme Edition 955,130 W
153,14,Pentium D 960,95-130 W
154,15,Pentium Extreme Edition 965,130 W
155,0,Pentium Dual-Core E2140,65 W
156,1,Pentium Dual-Core E2160,65 W
157,2,Pentium Dual-Core E2180,65 W
158,3,Pentium Dual-Core E2200,65 W
159,4,Pentium Dual-Core E2220,65 W
160,0,Core 2 Duo E4200,65 W
161,1,Core 2 Duo E4300,65 W
162,2,Core 2 Duo E4400,65 W
163,3,Core 2 Duo E4500,65 W
164,4,Core 2 Duo E4600,65 W
165,5,Core 2 Duo E4700,65 W
166,6,Core 2 Duo E6300,65 W
167,7,Core 2 Duo E6305,65 W
168,8,Core 2 Duo E6320,65 W
169,9,Core 2 Duo E6400,65 W
170,12,Core 2 Duo E6540,65 W
171,13,Core 2 Duo E6550,65 W
172,14,Core 2 Duo E6600,65 W
173,15,Core 2 Duo E6700,65 W
174,16,Core 2 Duo E6750,65 W
175,17,Core 2 Duo E6850,65 W
176,18,Core 2 Extreme X6800,75 W
177,19,Core 2 Quad Q6400,105 W
178,20,Core 2 Quad Q6600,105 W or 95 W
179,21,Core 2 Quad Q6700,95 W
180,22,Core 2 Extreme QX6700,130 W
181,23,Core 2 Extreme QX6800,130 W
182,24,Core 2 Extreme QX6850,130 W
183,25,Core 2 Duo E7200,65 W
184,26,Core 2 Duo E7300,65 W
185,27,Core 2 Duo E7400,65 W
186,28,Core 2 Duo E7500,65 W
187,29,Core 2 Duo E7600,65 W
188,30,Core 2 Duo E8190,65 W
189,31,Core 2 Duo E8200,65 W
190,32,Core 2 Duo E8300,65 W
191,33,Core 2 Duo E8400,65 W
192,34,Core 2 Duo E8500,65 W
193,35,Core 2 Duo E8600,65 W
194,36,Core 2 Quad Q8200S,65 W
195,37,Core 2 Quad Q8200,95 W
196,38,Core 2 Quad Q8300,95 W
197,39,Core 2 Quad Q8400S,65 W
198,40,Core 2 Quad Q8400,95 W
199,41,Core 2 Quad Q9300,95 W
200,42,Core 2 Quad Q9400S,65 W
201,43,Core 2 Quad Q9400,95 W
202,44,Core 2 Quad Q9450,95 W
203,45,Core 2 Quad Q9505S,65 W
204,46,Core 2 Quad Q9505,95 W
205,47,Core 2 Quad Q9550S,65 W
206,48,Core 2 Quad Q9550,95 W
207,49,Core 2 Quad Q9650,95 W
208,50,Core 2 Extreme QX9650,130 W
209,51,Core 2 Extreme QX9770,136 W
210,52,Core 2 Extreme QX9775,150 W
211,0,Core i3-530,73 W
212,1,Core i3-540,73 W
213,2,Core i3-550,73 W
214,3,Core i3-560,73 W
215,4,Core i3-2100,65 W
216,5,Core i3-2102,65 W
217,6,Core i3-2105,65 W
218,7,Core i3-2120,65 W
219,8,Core i3-2125,65 W
220,9,Core i3-2130,65 W
221,10,Core i3-2100T,35 W
222,11,Core i3-2120T,35 W
223,0,Core i5-750,95 W
224,1,Core i5-750S,82 W
225,2,Core i5-760,95 W
226,3,Core i5-650,73 W
227,4,Core i5-655K,73 W
228,5,Core i5-660,73 W
229,6,Core i5-661,87 W
230,7,Core i5-670,73 W
231,8,Core i5-680,73 W
232,9,Core i5-2390T,35 W
233,10,Core i5-2300,95 W
234,11,Core i5-2310,95 W
235,12,Core i5-2320,95 W
236,13,Core i5-2380P,95 W
237,14,Core i5-2400,95 W
238,15,Core i5-2450P,95 W
239,16,Core i5-2500,95 W
240,17,Core i5-2500K,95 W
241,18,Core i5-2550K,95 W
242,0,Core i7-860,95 W
243,1,Core i7-860S,82 W
244,2,Core i7-870,95 W
245,3,Core i7-875K,95 W
246,4,Core i7-880,95 W
247,5,Core i7-920,130 W
248,6,Core i7-930,130 W
249,7,Core i7-940,130 W
250,8,Core i7-950,130 W
251,9,Core i7-960,130 W
252,10,Core i7-965 Extreme Edition,130 W
253,11,Core i7-975 Extreme Edition,130 W
254,12,Core i7-970,130 W
255,13,Core i7-980X Extreme Edition,130 W
256,14,Core i7-2600,95 W
257,15,Core i7-2600S,65 W
258,16,Core i7-2600K,95 W
259,17,Core i7-2700K,95 W
260,18,Core i7-3770T,45 W
261,19,Core i7-3770S,65 W
262,20,Core i7-3770,77 W
263,21,Core i7-3770K,77 W
264,22,Core i7-3930K,130 W
265,23,Core i7 3960X Extreme Edition,130 W
266,24,Core i7 3970X Extreme Edition,150 W
267,25,Core i7-4770K,84 W
268,26,Core i7-4770S,65 W
269,27,Core i7-4790K,88 W
270,28,Core i7-4820K,130 W
271,29,Core i7-4930K,130 W
272,30,Core i7-4960X Extreme Edition,130 W
273,31,Core i7-5820K,140 W
274,32,Core i7-5930K,140 W
275,33,Core i7-5960X Extreme Edition,140 W
276,34,Core i7-6700T,35 W
277,35,Core i7-6700,65 W
278,36,Core i7-6700K,91 W
279,37,Core i7-6785R,65 W
280,38,Core i7-6800K,140 W
281,39,Core i7-6850K,140 W
282,40,Core i7-6900K,140 W
283,41,Core i7-6950X,140 W
284,42,Core i7 7700,65 W
285,43,Core i7 7700K,91 W
286,44,Core i7 8700K,95 W
287,45,Core i7 9700K,95 W
288,0,Celeron 266,16.6 W
289,1,Celeron 300,18.4 W
290,2,Celeron 300A,19 W
291,3,Celeron 333,20.9 W
292,4,Celeron 366,21.7 W
293,5,Celeron 400,23.7 W
294,6,Celeron 433,24.6 W
295,7,Celeron 466,25.7 W
296,8,Celeron 500,27.2 W
297,9,Celeron 533,28.3 W
298,10,Celeron 533A,11.2 W
299,11,Celeron 566,11.9 W
300,12,Celeron 600,12.6 W
301,13,Celeron 633,20.2 W
302,14,Celeron 667,21.1 W
303,15,Celeron 700,21.9 W
304,16,Celeron 733,22.8 W
305,17,Celeron 766,23.6 W
306,18,Celeron 800,24.5 W
307,19,Celeron 850,25.7 W
308,20,Celeron 900,26.7 W
309,21,Celeron 950,28 W
310,22,Celeron 1000,29 W
311,23,Celeron 1100,33 W
312,24,Celeron 1000A,29.5 W
313,25,Celeron 1100A,29.5 W
314,26,Celeron 1200,29.5 W
315,27,Celeron 1300,32 W
316,28,Celeron 1400,33.2 W
317,0,Celeron 1.5,??.?? W
318,1,Celeron 1.6,??.?? W
319,2,Celeron 1.7,63.5 W
320,3,Celeron 1.8,66.1 W
321,6,Celeron 2.0,52.8 W
322,7,Celeron 2.1,55.5 W
323,8,Celeron 2.2,57.1 W
324,9,Celeron 2.3,58.3 W
325,10,Celeron 2.4,59.8 W
326,11,Celeron 2.5,61 W
327,12,Celeron 2.6,62.6 W
328,13,Celeron 2.7,66.8 W
329,14,Celeron 2.8,68.4 W
330,0,Celeron D 310,73 W
331,1,Celeron D 315,73 W
332,2,Celeron D 320,73 W
333,3,Celeron D 325,73 W
334,4,Celeron D 325J,84 W
335,5,Celeron D 326,84 W
336,6,Celeron D 330,73 W
337,7,Celeron D 330J,84 W
338,8,Celeron D 331,84 W
339,9,Celeron D 335,73 W
340,10,Celeron D 335J,84 W
341,11,Celeron D 336,84 W
342,12,Celeron D 340,73 W
343,13,Celeron D 340J,84 W
344,14,Celeron D 341,84 W
345,15,Celeron D 345,73 W
346,16,Celeron D 345J,84 W
347,17,Celeron D 346,84 W
348,18,Celeron D 350,73 W
349,19,Celeron D 351,84 W
350,20,Celeron D 355,84 W
351,21,Celeron D 347,86 or 65 W
352,22,Celeron D 352,86 or 65 W
353,23,Celeron D 356,86 or 65 W
354,24,Celeron D 360,65 W
355,25,Celeron D 365,65 W
356,0,Celeron 220,19 W
357,1,Celeron 420,35 W
358,2,Celeron 430,35 W
359,3,Celeron 440,35 W
360,4,Celeron 450,35 W
361,0,Celeron Dual-Core E1200,65 W
362,1,Celeron Dual-Core E1400,65 W
363,2,Celeron Dual-Core E1500,65 W
364,3,Celeron Dual-Core E1600,65 W
365,4,Celeron Dual-Core E3200,65 W
366,5,Celeron Dual-Core E3300,65 W
367,5,Pentium Dual-Core E2210,65 W
368,6,Pentium Dual-Core E5200,65 W
369,7,Pentium Dual-Core E5300,65 W
370,8,Pentium Dual-Core E5400,65 W
371,9,Pentium Dual-Core E5500,65 W
372,10,Pentium E6300,65 W
373,11,Pentium E6500,65 W
374,12,Pentium E6500K,65 W
375,13,Pentium E6600,65 W
376,14,Pentium G6950,73 W
377,0,Mobile Pentium II 233,9 W
378,1,Mobile Pentium II 266,10.3 W
379,2,Mobile Pentium II 300,11.6 W
380,3,Mobile Pentium II 266PE,10.6 W
381,4,Mobile Pentium II 300PE,12 W
382,5,Mobile Pentium II 333,12.7 W
383,6,Mobile Pentium II 366,14.1 W
384,0,Pentium III-M 866,19.5 W
385,1,Pentium III-M 933,20.1 W
386,2,Pentium III-M 1000,20.5 W
387,3,Pentium III-M 1066,21 W
388,4,Pentium III-M 1133,21.8 W
389,5,Pentium III-M 1200,22 W
390,6,Pentium III-M 1266,22 W
391,7,Pentium III-M 1333,22 W
392,8,Pentium III-M 1400,22 W
393,9,Pentium III-M LV 733,9.3 W
394,10,Pentium III-M LV 750,9.4 W
395,11,Pentium III-M LV 800,9.25 W
396,12,Pentium III-M LV 850,10 W
397,13,Pentium III-M LV 866,10.1 W
398,14,Pentium III-M LV 933,10.5 W
399,15,Pentium III-M LV 1000,11 W
400,16,Pentium III-M ULV 700,7 W
401,17,Pentium III-M ULV 733,7 W
402,18,Pentium III-M ULV 750,7 W
403,19,Pentium III-M ULV 800,7 W
404,20,Pentium III-M ULV 850,7 W
405,21,Pentium III-M ULV 866,7 W
406,22,Pentium III-M ULV 900,7 W
407,23,Pentium III-M ULV 933,7 W
408,0,Pentium 4-M 1.4,25.8 W
409,1,Pentium 4-M 1.5,26.9 W
410,2,Pentium 4-M 1.6,30 W
411,3,Pentium 4-M 1.7,30 W
412,4,Pentium 4-M 1.8,30 W
413,5,Pentium 4-M 1.9,32 W
414,6,Pentium 4-M 2.0,32 W
415,7,Pentium 4-M 2.2,35 W
416,8,Pentium 4-M 2.4,35 W
417,9,Pentium 4-M 2.5,35 W
418,10,Pentium 4-M 2.6,35 W
419,11,Mobile Pentium 4 2.4,59.8 W
420,12,Mobile Pentium 4 2.66,66.1 W
421,13,Mobile Pentium 4 2.8,68.4 W
422,14,Mobile Pentium 4 3.06,70 W
423,15,Mobile Pentium 4 HT 2.66,61 W
424,16,Mobile Pentium 4 HT 2.8,68.4 W
425,17,Mobile Pentium 4 HT 3.06,70 W
426,18,Mobile Pentium 4 HT 3.2,76 W
427,19,Mobile Pentium 4 HT 518,88 W
428,20,Mobile Pentium 4 HT 532,88 W
429,21,Mobile Pentium 4 HT 538,88 W
430,22,Mobile Pentium 4 HT 548,88 W
431,23,Mobile Pentium 4 HT 552,88 W
432,0,Pentium M 1.3,22 W
433,1,Pentium M 1.4,22 W
434,2,Pentium M 1.5,24.5 W
435,3,Pentium M 1.6,24.5 W
436,4,Pentium M 1.7,24.5 W
437,5,Pentium M LV 1.1,12 W
438,6,Pentium M LV 1.2,12 W
439,7,Pentium M LV 718,12 W
440,8,Pentium M ULV 900,7 W
441,9,Pentium M ULV 1.0,7 W
442,10,Pentium M ULV 713,7 W
443,11,Pentium M 710,21 W
444,12,Pentium M 715,21 W
445,13,Pentium M 715A,21 W
446,14,Pentium M 725,21 W
447,15,Pentium M 725A,21 W
448,16,Pentium M 730,27 W
449,17,Pentium M 735,21 W
450,18,Pentium M 735A,21 W
451,19,Pentium M 740,27 W
452,20,Pentium M 745,21 W
453,21,Pentium M 745A,21 W
454,22,Pentium M 750,27 W
455,23,Pentium M 755,21 W
456,24,Pentium M 760,27 W
457,25,Pentium M 765,21 W
458,26,Pentium M 770,27 W
459,27,Pentium M 780,27 W
460,28,Pentium M LV 738,10 W
461,29,Pentium M LV 758,10 W
462,30,Pentium M LV 778,10 W
463,31,Pentium M ULV 723,5 W
464,32,Pentium M ULV 733,5 W
465,33,Pentium M ULV 733J,5 W
466,34,Pentium M ULV 753,5 W
467,35,Pentium M ULV 773,5 W
468,0,Core Solo T1200,27 W
469,1,Core Solo T1300,27 W
470,2,Core Solo T1350,31 W
471,3,Core Solo T1400,27 W
472,4,Core Solo T1500,27 W
473,5,Core Solo T1600,27 W
474,6,Core Solo U1300,6 W
475,7,Core Solo U1400,6 W
476,8,Core Solo U1500,5.5 W
477,9,Core Duo L2300,15 W
478,10,Core Duo L2400,15 W
479,11,Core Duo L2500,15 W
480,12,Core Duo T2050,31 W
481,13,Core Duo T2250,31 W
482,14,Core Duo T2300,31 W
483,15,Core Duo T2300E,31 W
484,16,Core Duo T2350,31 W
485,17,Core Duo T2400,31 W
486,18,Core Duo T2450,31 W
487,19,Core Duo T2500,31 W
488,20,Core Duo T2600,31 W
489,21,Core Duo T2700,31 W
490,22,Core Duo U2400,9 W
491,23,Core Duo U2500,9 W
492,0,Core 2 Solo U2100,5.5 W
493,1,Core 2 Solo U2200,5.5 W
494,2,Core 2 Duo LV7200,17 W
495,3,Core 2 Duo LV7300,17 W
496,4,Core 2 Duo LV7400,17 W
497,5,Core 2 Duo LV7500,17 W
498,6,Core 2 Duo LV7700,17 W
499,7,Core 2 Duo T5200,34 W
500,8,Core 2 Duo T5250,35 W
501,9,Core 2 Duo T5270,35 W
502,10,Core 2 Duo T5300,34 W
503,11,Core 2 Duo T5450,34 W
504,12,Core 2 Duo T5470,34 W
505,13,Core 2 Duo T5500,34 W
506,14,Core 2 Duo T5550,35 W
507,15,Core 2 Duo T5600,34 W
508,16,Core 2 Duo T5670,35 W
509,17,Core 2 Duo T5750,35 W
510,18,Core 2 Duo T5800,35 W
511,19,Core 2 Duo T5850,35 W
512,20,Core 2 Duo T5870,35 W
513,21,Core 2 Duo T5900,35 W
514,22,Core 2 Duo T7100,35 W
515,23,Core 2 Duo T7200,34 W
516,24,Core 2 Duo T7250,35 W
517,25,Core 2 Duo T7300,35 W
518,26,Core 2 Duo T7400,34 W
519,27,Core 2 Duo T7500,35 W
520,28,Core 2 Duo T7600,34 W
521,29,Core 2 Duo T7700,35 W
522,30,Core 2 Duo T7800,35 W
523,31,Core 2 Duo U7500,10 W
524,32,Core 2 Duo U7600,10 W
525,33,Core 2 Duo U7700,10 W
526,34,Core 2 Extreme X7800,44 W
527,35,Core 2 Extreme X7900,44 W
528,36,Core 2 Solo SU3300,5.5 W
529,37,Core 2 Solo SU3500,5.5 W
530,38,Core 2 Duo P7350,25 W
531,39,Core 2 Duo P7370,25 W
532,40,Core 2 Duo P7450,25 W
533,41,Core 2 Duo P7550,25 W
534,42,Core 2 Duo P8400,25 W
535,43,Core 2 Duo P8600,25 W
536,44,Core 2 Duo P8700,25 W
537,45,Core 2 Duo P8800,25 W
538,46,Core 2 Duo P9500,25 W
539,47,Core 2 Duo P9600,25 W
540,48,Core 2 Duo P9700,28 W
541,49,Core 2 Duo SL9300,17 W
542,50,Core 2 Duo SL9380,17 W
543,51,Core 2 Duo SL9400,17 W
544,52,Core 2 Duo SL9600,17 W
545,53,Core 2 Duo SP9300,25 W
546,54,Core 2 Duo SP9400,25 W
547,55,Core 2 Duo SP9600,25 W
548,56,Core 2 Duo SU7300,10 W
549,57,Core 2 Duo SU9300,10 W
550,58,Core 2 Duo SU9400,10 W
551,59,Core 2 Duo SU9600,10 W
552,60,Core 2 Duo T6400,35 W
553,61,Core 2 Duo T6500,35 W
554,62,Core 2 Duo T6570,35 W
555,63,Core 2 Duo T6600,35 W
556,64,Core 2 Duo T6670,35 W
557,65,Core 2 Duo T8100,35 W
558,66,Core 2 Duo T8300,35 W
559,67,Core 2 Duo T9300,35 W
560,68,Core 2 Duo T9400,35 W
561,69,Core 2 Duo T9500,35 W
562,70,Core 2 Duo T9550,35 W
563,71,Core 2 Duo T9600,35 W
564,72,Core 2 Duo T9800,35 W
565,73,Core 2 Duo T9900,35 W
566,74,Core 2 Extreme X9000,44 W
567,75,Core 2 Extreme X9100,44 W
568,76,Core 2 Quad Q9000,45 W
569,77,Core 2 Quad Q9100,45 W
570,78,Core 2 Extreme QX9300,45 W
571,0,Core i3-330UM,18 W
572,1,Core i3-380UM,18 W
573,2,Core i3-330M,35 W
574,3,Core i3-330E,35 W
575,4,Core i3-350M,35 W
576,5,Core i3-370M,35 W
577,6,Core i3-380M,35 W
578,7,Core i3-2357M,17 W
579,8,Core i3-2367M,17 W
580,9,Core i3-2310M,35 W
581,10,Core i3-2330M,35 W
582,11,Core i3-2350M,35 W
583,12,Core i3-2370M,35 W
584,13,Core i3-3217U,17 W
585,14,Core i3-3110M,35 W
586,15,Core i3-4000M,37 W
587,16,Core i3-4005U,15 W
588,17,Core i3-4010U,15 W
589,18,Core i3-4100U,15 W
590,19,Core i3-4010Y,11.5 W
591,20,Core i3-4158U,28 W
592,21,Core i3-4100M,37 W
593,22,Core i3-4012Y,11.5 W
594,23,Core i3-5005U,15 W
595,24,Core i3-5010U,15 W
596,25,Core i3-5015U,15 W
597,26,Core i3-5020U,15 W
598,27,Core i3-5157U,28 W
599,28,Core i3-6006U,15 W
600,29,Core i3-6100U,15 W
601,30,Core i3-6100H,35 W
602,31,Core i3-6167U,28 W
603,0,Core i5-3317UM,17 W
604,1,Core i5-3427UM,17 W
605,2,Core i5-430UM,18 W
606,3,Core i5-470UM,18 W
607,4,Core i5-520UM,18 W
608,5,Core i5-540UM,18 W
609,6,Core i5-560UM,18 W
610,7,Core i5-430M,35 W
611,8,Core i5-450M,35 W
612,9,Core i5-460M,35 W
613,10,Core i5-480M,35 W
614,11,Core i5-520M,35 W
615,12,Core i5-520E,35 W
616,13,Core i5-540M,35 W
617,14,Core i5-560M,35 W
618,15,Core i5-580M,35 W
619,16,Core i5-2430M,35 W
620,17,Core i5-2450M,35 W
621,18,Core i5-3230M,35 W
622,19,Core i5-3360M,35 W
623,20,Core i5-4200H,47 W
624,21,Core i5-4250U,15 W
625,22,Core i5-4350U,15 W
626,23,Core i5-4200U,15 W
627,24,Core i5-4200Y,11.5 W
628,25,Core i5-4258U,28 W
629,26,Core i5-4288U,28 W
630,27,Core i5-4300U,15 W
631,28,Core i5-4300M,37 W
632,29,Core i5-4200M,37 W
633,30,Core i5-4202Y,11.5 W
634,31,Core i5-4210Y,11.5 W
635,32,Core i5-4300Y,11.5 W
636,33,Core i5-4302Y,11.5 W
637,34,Core i5-4330M,37 W
638,35,Core i5-5200U,15 W
639,36,Core i5-5250U,15 W
640,37,Core i5-5257U,28 W
641,38,Core i5-5287U,28 W
642,39,Core i5-5300U,15 W
643,40,Core i5-5350U,15 W
644,41,Core i5-5350H,47 W
645,42,Core i5-6200U,15 W
646,43,Core i5-6260U,15 W
647,44,Core i5-6267U,28 W
648,45,Core i5-6287U,28 W
649,46,Core i5-6300U,15 W
650,47,Core i5-6360U,15 W
651,48,Core i5-6400T,35 W
652,49,Core i5-6500T,35 W
653,50,Core i5-6300HQ,45 W
654,52,Core i5-6350HQ,45 W
655,53,Core i5-6440HQ,45 W
656,54,Core i5-6600T,35 W
657,55,Core i5-6600K,91 W
658,0,Core i7-3517U,17 W
659,1,Core i7-3667U,17 W
660,2,Core i7-620UM,18 W
661,3,Core i7-620UE,18 W
662,4,Core i7-640UM,18 W
663,5,Core i7-660UM,18 W
664,6,Core i7-660UE,18 W
665,7,Core i7-680UM,18 W
666,8,Core i7-620LM,25 W
667,9,Core i7-620LE,25 W
668,10,Core i7-640LM,25 W
669,11,Core i7-660LM,25 W
670,12,Core i7-610E,35 W
671,13,Core i7-620M,35 W
672,14,Core i7-640M,35 W
673,15,Core i7-720QM,45 W
674,16,Core i7-740QM,45 W
675,17,Core i7-820QM,45 W
676,18,Core i7-840QM,45 W
677,19,Core i7-920XM,55 W
678,20,Core i7-940XM,55 W
679,21,Core i7-4550U,15 W
680,22,Core i7-4650U,15 W
681,23,Core i7-4700HQ,47 W
682,24,Core i7-4700MQ,47 W
683,25,Core i7-4702HQ,37 W
684,26,Core i7-4702MQ,37 W
685,27,Core i7-4800MQ,47 W
686,28,Core i7-4900MQ,47 W
687,29,Core i7-4930MX,57 W
688,30,Core i7-4500U,15 W
689,31,Core i7-4558U,28 W
690,32,Core i7-4600M,37 W
691,33,Core i7-4600U,15 W
692,34,Core i7-4610Y,11.5 W
693,0,Atom 230,4 W
694,1,Atom 330 (Dual-Core),8 W
695,2,Atom N270,2.5 W
696,3,Atom N280,2.5 W
697,4,Atom D410,10 W
698,5,Atom D510 (Dual-Core),13 W
699,6,Atom D525 (Dual-Core),13 W
700,7,Atom N450,5.5 W
701,8,Atom N455,6.5 W
702,9,Atom N470,6.5 W
703,10,Atom N475,6.5 W
704,11,Atom N550 (Dual-Core),8.5 W
705,12,Atom N570 (Dual-Core),8.5 W
706,13,Atom D2500 (Dual-Core),10 W
707,14,Atom D2550 (Dual-Core),10 W
708,15,Atom D2700 (Dual-Core),10 W
709,16,Atom N2600 (Dual-Core),3.5 W
710,17,Atom N2800 (Dual-Core),6.5 W
711,18,Atom Z500,0.65 W
712,19,Atom Z510,2 W
713,20,Atom Z510P,2.2 W
714,21,Atom Z510PT,2.2 W
715,22,Atom Z515,1.4 W
716,23,Atom Z520,2 W
717,24,Atom Z520PT,2.2 W
718,25,Atom Z530,2 W
719,26,Atom Z530P,2.2 W
720,27,Atom Z540,2.4 W
721,28,Atom Z550,2.4 W
722,29,Atom Z560,2.5 W
723,0,Celeron M 600,7 W
724,1,Celeron M 800,7 W
725,2,Celeron M 310,24.5 W
726,3,Celeron M 320,24.5 W
727,4,Celeron M 330,24.5 W
728,5,Celeron M 340,24.5 W
729,6,Celeron M 353,5 W
730,7,Celeron M 373,5.5 W
731,8,Celeron M 383,5.5 W
732,9,Celeron M 205,21 W
733,10,Celeron M 350,21 W
734,11,Celeron M 350J,21 W
735,12,Celeron M 360,21 W
736,13,Celeron M 360J,21 W
737,14,Celeron M 370,21 W
738,15,Celeron M 380,21 W
739,16,Celeron M 390,27 W
740,17,Celeron M 215,27 W
741,18,Celeron M 723,10 W
742,0,Celeron Dual-Core T1400,35 W
743,1,Celeron Dual-Core T1500,35 W
744,2,Celeron Dual-Core T1600,35 W
745,3,Celeron Dual-Core T1700,35 W
746,4,Celeron Dual-Core T3100,35 W
747,5,Celeron Dual-Core T3300,35 W
748,6,Celeron Dual-Core T3500,35 W
749,7,Celeron Dual-Core J1750,10 W
750,8,Celeron Dual-Core J1800,10 W
751,9,Celeron Dual-Core J1850,10 W
752,10,Celeron Dual-Core J3355,10 W
753,0,Pentium Dual-Core T2060,31 W
754,1,Pentium Dual-Core T2080,31 W
755,2,Pentium Dual-Core T2130,31 W
756,3,Pentium Dual-Core T2350,31 W
757,4,Pentium Dual-Core T2310,35 W
758,5,Pentium Dual-Core T2330,35 W
759,6,Pentium Dual-Core T2370,35 W
760,7,Pentium Dual-Core T2390,35 W
761,8,Pentium Dual-Core T2410,35 W
762,9,Pentium Dual-Core T3200,35 W
763,10,Pentium Dual-Core T3400,35 W
764,11,Pentium T4200,35 W
765,12,Pentium T4300,35 W
766,13,Pentium SU2700,10 W
767,14,Pentium SU4100,10 W
768,0,Pentium Pro 150,29.2 W
769,1,Pentium Pro 166,35 W
770,2,Pentium Pro 180,31.7 W
771,3,Pentium Pro 200 (256 KB L2 Cache),35 W
772,4,Pentium Pro 200 (512 KB L2 Cache),37.9 W
773,10,Pentium Pro 200 (1 MB L2 Cache),47 W
774,0,3040,65 W
775,1,3050,65 W
776,2,3060,65 W
777,3,3070,65 W
778,4,5030,95 W
779,5,5050,95 W
780,6,5060,95 W
781,7,5063,95 W
782,8,5080,130 W
783,9,5110,65 W
784,10,5120,65 W
785,11,5130,65 W
786,12,5140,65 W
787,13,5150,65 W
788,14,5160,80 W
789,15,7120M,95 W
790,16,7120N,95 W
791,17,7130M,150 W
792,18,7130N,150 W
793,19,7140M,150 W
794,20,7140N,150 W
795,21,7150N,150 W
796,0,Xeon E7450,90 W
797,1,Xeon E7458,90 W
798,2,Xeon E7460,130 W
799,3,Xeon L7455,65 W
800,0,Itanium 733,116 W
801,2,Itanium 800,116 W
802,0,Itanium 2 900,130 W
803,2,Itanium 2 1000,130 W
804,4,Itanium 2 1400,130 W
805,5,Itanium 2 1300,130 W
806,8,Itanium 2 1500,130 W
807,9,Itanium 2 1600,130 W
808,10,Itanium 2 1666,130 W
809,17,Itanium 2 MX2,260 W
810,18,Itanium 2 9010,75 W
811,19,Itanium 2 9015,104 W
812,20,Itanium 2 9020,104 W
813,21,Itanium 2 9030,104 W
814,22,Itanium 2 9040,104 W
815,23,Itanium 2 9050,104 W
816,24,Itanium 2 9110N,75 W
817,25,Itanium 2 9120N,104 W
818,26,Itanium 2 9130M,104 W
819,27,Itanium 2 9140N,104 W
820,28,Itanium 2 9140M,104 W
821,29,Itanium 2 9150N,104 W
822,30,Itanium 2 9150M,104 W
823,31,Itanium 2 9152M,104 W
824,0,K5 75,11.8 W
825,1,K5 90,14.3 W
826,2,K5 100,15.8 W
827,3,K5 120,12.6 W
828,4,K5 133,14 W
829,5,K5 150,??.??
830,6,K5 166,16.4 W
831,7,K5 200,??.??
832,8,K5 PR75,11.8 W
833,9,K5 PR90,14.3 W
834,10,K5 PR100,15.8 W
835,11,K5 PR120,12.6 W
836,12,K5 PR133,14 W
837,13,K5 PR150,??.?? W
838,14,K5 PR166,16.4 W
839,15,K5 PR200,??.?? W
840,0,Athlon 500,42 W
841,1,Athlon 550,46 W
842,2,Athlon 600,50 W
843,3,Athlon 650,54 W
844,4,Athlon 700,50 W
845,11,Athlon 750,40 W
846,12,Athlon 800,48 W
847,13,Athlon 850,50 W
848,14,Athlon 900,60 W
849,15,Athlon 950,62 W
850,17,Athlon 1000,62 W
851,19,Athlon 650 (Slot A),36.1 W
852,20,Athlon 650 (Socket A),36.1 W
853,21,Athlon 700 (Slot A),38.3 W
854,22,Athlon 700 (Socket A),38.3 W
855,23,Athlon 750 (Slot A),40.4 W
856,24,Athlon 750 (Socket A),40.4 W
857,25,Athlon 800 (Slot A),42.6 W
858,26,Athlon 800 (Socket A),42.6 W
859,27,Athlon 850 (Slot A),44.8 W
860,28,Athlon 850 (Socket A),44.8 W
861,29,Athlon 900 (Slot A),49.7 W
862,30,Athlon 900 (Socket A),49.7 W
863,31,Athlon 950 (Slot A),52 W
864,32,Athlon 950 (Socket A),52 W
865,33,Athlon 1000 (Slot A),54.3 W
866,34,Athlon 1000 (Socket A),54 W
867,35,Athlon 1000B,54.3 W
868,36,Athlon 1000C,55.1 W
869,37,Athlon 1100B,60.3 W
870,38,Athlon 1133C,62.1 W
871,39,Athlon 1200B,65.7 W
872,40,Athlon 1200C,65.7 W
873,41,Athlon 1266C,66.9 W
874,42,Athlon 1300B,68.3 W
875,43,Athlon 1333C,69.8 W
876,44,Athlon 1400B,72.1 W
877,45,Athlon 1400C,72.1 W
878,0,Athlon XP 1500+,60 W
879,1,Athlon XP 1600+,62.8 W
880,2,Athlon XP 1700+,64 W
881,3,Athlon XP 1800+,66 W
882,4,Athlon XP 1900+,68 W
883,5,Athlon XP 2000+,70 W
884,6,Athlon XP 2100+,72 W
885,13,Athlon XP 2200+,67.9 W or 62.8 W
886,14,Athlon XP 2400+,68.3 W
887,15,Athlon XP 2600+,68.3 W
888,17,Athlon XP 2700+,68.3 W
889,18,Athlon XP 2800+,??.? W
890,21,Athlon XP 3100+,??.? W
891,22,Athlon XP 2500+,68.3 W
892,25,Athlon XP 2900+,??.? W
893,26,Athlon XP 3000+,74.3 W
894,27,Athlon XP 3200+,76.8 W
895,0,4800+,110 W
896,1,4600+,110 W
897,2,4400+,89 W/110 W
898,3,4200+,89 W
899,4,3800+,65 W
900,6,3600+,65 W
901,1,3600+ EE,65 W
902,3,3800+ EE,65 W
903,4,3800+ EE SFF,35 W
904,5,4000+,89 W
905,8,4050e,45 W
906,9,4200+ EE,65 W
907,16,4450e,45 W
908,17,4600+ EE,65 W
909,24,4850e,45 W
910,25,5000+,65 W
911,26,5000+ Black Edition,65 W
912,27,5000+ EE,65 W
913,29,5200+ EE,65 W
914,30,5200+,89 W
915,32,5400+,89 W
916,34,5600+,89W
917,36,6000+,125 W
918,37,6000+ EE,89 W
919,38,6400+ Black Edition,125 W
920,0,BE-2400,45 W
921,1,BE-2350,45 W
922,2,BE-2300,45 W
923,0,Athlon 64 FX-51,89 W
924,1,Athlon 64 FX-53,89 W
925,3,Athlon 64 FX-55,104 W
926,5,Athlon 64 FX-57,104 W
927,6,Athlon 64 FX-60,110 W
928,7,Athlon 64 FX-62,125 W
929,8,Athlon 64 FX-70,125 W
930,9,Athlon 64 FX-72,125 W
931,10,Athlon 64 FX-74,125 W
932,0,Athlon X2 6500,95 W
933,1,Athlon X2 7450,95 W
934,2,Athlon X2 7550,95 W
935,3,Athlon X2 7750,95 W
936,4,Athlon X2 7750 Black Edition,95 W
937,5,Athlon X2 7850,95 W
938,6,Athlon X2 5000+,65 W
939,0,Phenom X3 8250e,65 W
940,1,Phenom X3 8400,95 W
941,2,Phenom X3 8450e,65 W
942,3,Phenom X3 8450,95 W
943,4,Phenom X3 8550,95 W
944,5,Phenom X3 8600,95 W
945,6,Phenom X3 8650,95 W
946,7,Phenom X3 8750,95 W
947,8,Phenom X3 8750 Black Edition,95 W
948,9,Phenom X3 8850,95 W
949,10,Phenom X3 8600B,95 W
950,11,Phenom X3 8750B,95 W
951,12,Phenom X4 9100e,65 W
952,13,Phenom X4 9150e,65 W
953,14,Phenom X4 9350e,65 W
954,15,Phenom X4 9450e,65 W
955,16,Phenom X4 9500,95 W
956,17,Phenom X4 9550,95 W
957,18,Phenom X4 9600,95 W
958,19,Phenom X4 9600 Black Edition,95 W
959,20,Phenom X4 9650,95 W
960,21,Phenom X4 9700,125 W
961,22,Phenom X4 9750,125 W or 95 W
962,23,Phenom X4 9850,125 W or 95 W
963,24,Phenom X4 9850 Black Edition,125 W
964,25,Phenom X4 9950 Black Edition,140 W or 125 W
965,26,Phenom X4 9600B,95 W
966,27,Phenom X4 9750B,95 W
967,0,Athlon II 160u,20 W
968,1,Athlon II 170u,20 W
969,2,Athlon II X2 250u,25 W
970,3,Athlon II X2 260u,25 W
971,4,Athlon II X2 270u,25 W
972,5,Athlon II X2 210e,45 W
973,6,Athlon II X2 215,65 W
974,7,Athlon II X2 220,65 W
975,8,Athlon II X2 235e,45 W
976,9,Athlon II X2 240,65 W
977,10,Athlon II X2 240e,45 W
978,11,Athlon II X2 245,65 W
979,12,Athlon II X2 245e,45 W
980,13,Athlon II X2 250,65 W
981,14,Athlon II X2 250e,45 W
982,15,Athlon II X2 255,65 W
983,16,Athlon II X2 260,65 W
984,17,Athlon II X2 265,65 W
985,18,Athlon II X2 270,65 W
986,19,Athlon II X3 400e,45 W
987,20,Athlon II X3 405e,45 W
988,21,Athlon II X3 415e,45 W
989,22,Athlon II X3 420e,45 W
990,23,Athlon II X3 425,95 W
991,24,Athlon II X3 435,95 W
992,25,Athlon II X3 440,95 W
993,26,Athlon II X3 445,95 W
994,27,Athlon II X3 450,95 W
995,28,Athlon II X3 455,95 W
996,29,Athlon II X4 600e,45 W
997,30,Athlon II X4 605e,45 W
998,31,Athlon II X4 610e,45 W
999,32,Athlon II X4 615e,45 W
1000,33,Athlon II X4 620,95 W
1001,34,Athlon II X4 620e,45 W
1002,35,Athlon II X4 630,95 W
1003,36,Athlon II X4 635,95 W
1004,37,Athlon II X4 640,95 W
1005,38,Athlon II X4 645,95 W
1006,39,Athlon II X4 650,95 W
1007,0,Phenom II X2 545,80 W
1008,1,Phenom II X2 550,80 W
1009,2,Phenom II X2 555,80 W
1010,3,Phenom II X2 560,80 W
1011,4,Phenom II X2 565,80 W
1012,5,Phenom II X2 B53,80 W
1013,6,Phenom II X2 B50,80 W
1014,7,Phenom II X2 B55,80 W
1015,8,Phenom II X2 B57,80 W
1016,9,Phenom II X3 700e,65 W
1017,10,Phenom II X3 705e,65 W
1018,11,Phenom II X3 710,95 W
1019,12,Phenom II X3 715 Black Edition,95 W
1020,13,Phenom II X3 720,95 W
1021,14,Phenom II X3 720 Black Edition,95 W
1022,15,Phenom II X3 740 Black Edition,95 W
1023,16,Phenom II X3 B73,95 W
1024,17,Phenom II X3 B75,95 W
1025,18,Phenom II X3 B77,95 W
1026,19,Phenom II X4 805,95 W
1027,20,Phenom II X4 810,95 W
1028,21,Phenom II X4 820,95 W
1029,22,Phenom II X4 830(OEM),95 W
1030,23,Phenom II X4 900e,65 W
1031,24,Phenom II X4 905e,65 W
1032,25,Phenom II X4 910,95 W
1033,26,Phenom II X4 910e,65 W
1034,27,Phenom II X4 920,125 W
1035,28,Phenom II X4 925,95 W
1036,29,Phenom II X4 945,125 W
1037,31,Phenom II X4 955,125 W
1038,33,Phenom II X4 940 Black Edition,125 W
1039,34,Phenom II X4 955 Black Edition,125 W
1040,35,Phenom II X4 965 Black Edition,125 W
1041,37,Phenom II X4 970 Black Edition,125 W
1042,38,Phenom II X4 B93,95 W
1043,39,Phenom II X4 B95,95 W
1044,40,Phenom II X4 B97,95 W
1045,41,Phenom II X6 1035T,95 W
1046,42,Phenom II X6 1045T,95 W
1047,43,Phenom II X6 1055T,125 W
1048,45,Phenom II X6 1065T,95 W
1049,46,Phenom II X6 1075T,125 W
1050,47,Phenom II X6 1090T Black Edition,125 W
1051,48,Phenom II X6 1100T Black Edition,125 W
1052,0,Duron 600,27.4 W
1053,1,Duron 650,29.4 W
1054,2,Duron 700,31.4 W
1055,3,Duron 750,33.4 W
1056,4,Duron 800,35.4 W
1057,5,Duron 850,37.4 W
1058,6,Duron 900,39.5 W
1059,7,Duron 950,41.5 W
1060,9,Duron 1000,46.1 W
1061,10,Duron 1100,50.3 W
1062,11,Duron 1200,54.7 W
1063,12,Duron 1300,60 W
1064,13,Duron 1400,??.?? W
1065,15,Duron 1600,57 W
1066,16,Duron 1800,57 W
1067,0,Sempron 130,45 W
1068,1,Sempron 140,45 W
1069,2,Sempron 145,45 W
1070,3,Sempron 150,45 W
1071,0,Mobile Athlon 4 850,22 W
1072,1,Mobile Athlon 4 900,24 W
1073,2,Mobile Athlon 4 950,24 W
1074,3,Mobile Athlon 4 1000,25 W
1075,5,Mobile Athlon 4 1100,25 W
1076,7,Mobile Athlon 4 1200,25 W
1077,9,Mobile Athlon 4 1500+,35 W
1078,10,Mobile Athlon 4 1600+,35 W
1079,0,Turion 64 ML-28,35 W
1080,1,Turion 64 ML-30,35 W
1081,2,Turion 64 ML-32,35 W
1082,3,Turion 64 ML-34,35 W
1083,4,Turion 64 ML-37,35 W
1084,5,Turion 64 ML-40,35 W
1085,6,Turion 64 ML-42,35 W
1086,7,Turion 64 ML-44,35 W
1087,8,Turion 64 MK-36,31 W
1088,9,Turion 64 MK-38,31 W
1089,10,Turion 64 MT-28,25 W
1090,11,Turion 64 MT-30,25 W
1091,12,Turion 64 MT-32,25 W
1092,13,Turion 64 MT-34,25 W
1093,14,Turion 64 MT-37,25 W
1094,15,Turion 64 MT-40,25 W
1095,0,Turion II M500,35 W
1096,1,Turion II M520,35 W
1097,2,Turion II M540,35 W
1098,3,Turion II Ultra M600,35 W
1099,4,Turion II Ultra M620,35 W
1100,5,Turion II Ultra M640,35 W
1101,6,Turion II Ultra M660,35 W
1102,0,Sempron 2200+,62 W
1103,1,Sempron 2300+,62 W
1104,2,Sempron 2400+,62 W
1105,3,Sempron 2500+,62 W
1106,4,Sempron 2600+,62 W
1107,5,Sempron 2800+,62 W
1108,10,Sempron 3000+,62 W
1109,11,Sempron 3300+,64 W
1110,0,2500+ (Socket 754),62 W
1111,0,200U,8 W
1112,0,V 105,9 W
1113,1,V 120,25 W
1114,2,V 140,25 W
1115,0,Athlon II K125,12 W
1116,1,Athlon II K325,12 W
1117,2,Athlon II P320,25 W
1118,3,Athlon II P340,25 W
1119,4,Athlon II N330,35 W
1120,5,Athlon II N350,35 W
1121,0,Turion II K625,15 W
1122,1,Turion II K645,15 W
1123,2,Turion II K665,15 W
1124,3,Turion II K685,15 W
1125,4,Turion II P520,25 W
1126,5,Turion II P540,25 W
1127,6,Turion II P560,25 W
1128,7,Turion II N530,35 W
1129,8,Turion II N550,35 W
1130,0,Phenom II P650,25 W
1131,1,Phenom II N620,35 W
1132,2,Phenom II N640,35 W
1133,3,Phenom II N660,35 W
1134,4,Phenom II X620 BE,45 W
1135,5,Phenom II P820,25 W
1136,6,Phenom II P840,25 W
1137,7,Phenom II N830,35 W
1138,8,Phenom II N850,35 W
1139,9,Phenom II P920,25 W
1140,10,Phenom II P940,25 W
1141,11,Phenom II P960,25 W
1142,12,Phenom II N930,35 W
1143,13,Phenom II N950,35 W
1144,14,Phenom II N970,35 W
1145,15,Phenom II X920 BE,45 W
1146,16,Phenom II X940,45 W
1147,0,FX-4100,95 W
1148,1,FX-4130,125 W
1149,2,FX-4170,125 W
1150,3,FX-4300,95 W
1151,4,FX-4320,95 W
1152,5,FX-4350,125 W
1153,6,FX-6100,95 W
1154,7,FX-6200,125 W
1155,8,FX-6300,95 W
1156,9,FX-6350,125 W
1157,10,FX-8120,125 W
1158,11,FX-8150,125 W
1159,12,FX-8300,95 W
1160,13,FX-8310,95 W
1161,14,FX-8320,125 W
1162,15,FX-8320E,95 W
1163,16,FX-8350,125 W
1164,17,FX-8370,125 W
1165,18,FX-8370E,95 W
1166,19,FX-9370,220 W
1167,20,FX-9590,220 W
1168,0,Ryzen 3 1200,65 W
1169,1,Ryzen 3 1300X,65 W
1170,2,Ryzen 5 1400,65 W
1171,3,Ryzen 5 1500X,65 W
1172,4,Ryzen 5 1600,65 W
1173,5,Ryzen 5 1600X,95 W
1174,6,Ryzen 7 1700,65 W
1175,7,Ryzen 7 1700X,95 W
1176,8,Ryzen 7 1800X,95 W
1177,9,Ryzen 3 2300X,65 W
1178,10,Ryzen 5 2500X,65 W
1179,11,Ryzen 5 2600E,45 W
1180,12,Ryzen 5 2600,65 W
1181,13,Ryzen 5 2600X,95 W
1182,14,Ryzen 7 2700E,45 W
1183,15,Ryzen 7 2700,65 W
1184,16,Ryzen 7 PRO 2700X,105 W
1185,17,Ryzen 7 2700X,105 W
1186,18,Ryzen 5 3600,65 W
1187,19,Ryzen 7 3700X,65 W
1188,20,Ryzen 7 3800X,105 W
1189,21,Ryzen 9 3900X,105 W
1190,22,Ryzen 9 3950X,105 W
1191,0,Ryzen Felmar 1900X,180 W
1192,1,Ryzen Threadripper 1920X,180 W
1193,2,Ryzen Threadripper 1950X,180 W
1194,3,Ryzen Threadripper 2920X,180 W
1195,4,Ryzen Threadripper 2950X,180 W
1196,5,Ryzen Threadripper 2970WX,250 W
1197,6,Ryzen Threadripper 2990WX,250 W
1198,7,Ryzen Threadripper 3960X,280 W
1199,8,Ryzen Threadripper 3970X,280 W
1200,9,Ryzen Threadripper 3990X,280 W
1201,0,Athlon 200GE,35 W
1202,1,Athlon PRO 200GE,35 W
1203,2,Athlon 220GE,35 W
1204,3,Athlon 240GE,35 W
1205,4,Ryzen 3 2200GE,35 W
1206,5,Ryzen 3 PRO 2200GE,35 W
1207,6,Ryzen 3 2200G,45-65 W
1208,7,Ryzen 3 PRO 2200G,45-65 W
1209,8,Ryzen 5 PRO 2400GE,35 W
1210,9,Ryzen 5 2400G,45-65 W
1211,10,Ryzen 5 PRO 2400G,45-65 W
1212,11,Ryzen 3 3200G,45-65 W
1213,12,Ryzen 5 3400G,45-65 W
1214,0,EPYC 7351P,155-170 W
1215,1,EPYC 7401P,155-170 W
1216,2,EPYC 7551P,180 W
1217,3,EPYC 7251,120 W
1218,4,EPYC 7742,225 W
1219,5,EPYC 7702,200 W
1220,6,EPYC 7702P,200 W
1221,7,EPYC 7642,225 W
1222,8,EPYC 7552,200 W
1223,9,EPYC 7542,225 W
1224,10,EPYC 7502,180 W
1225,11,EPYC 7502P,180 W
1226,12,EPYC 7452,155 W
1227,13,EPYC 7262,155 W
1228,14,EPYC 7252,120 W
1229,15,EPYC 7232P,120 W
1230,0,Athlon PRO 200U,12-25 W
1231,1,Ryzen 3 2200U,12-25 W
1232,2,Ryzen 3 2300U,12-25 W
1233,3,Ryzen 3 PRO 2300U,12-25 W
1234,4,Ryzen 5 2500U,12-25 W
1235,5,Ryzen 5 PRO 2500U,12-25 W
1236,6,Ryzen 5 2600H,35-54 W
1237,7,Ryzen 7 2700U,12-25 W
1238,8,Ryzen 7 PRO 2700U,12-25 W
1239,9,Ryzen 7 2800H,35-54 W
1240,10,Athlon 300U,15 W
1241,11,Ryzen 3 3200U,15 W
1242,12,Ryzen 3 3300U,15 W
1243,13,Ryzen 5 3500U,15 W
1244,14,Ryzen 5 3550H,35 W
1245,15,Ryzen 7 3700U,15 W
1246,16,Ryzen 7 3750H,35 W
1247,0,UltraSPARC IIe,13 W
1248,1,UltraSPARC IIi,17.6 W
1249,2,UltraSPARC III,53 W
1250,3,UltraSPARC III Cu,80 W
1251,4,UltraSPARC IIIi,52 W
1252,5,UltraSPARC IV,108 W
1253,6,UltraSPARC IV+,90 W
1254,7,UltraSPARC T1,72 W
1255,8,UltraSPARC T2,95 W
1256,9,SPARC T3,139 W
1257,10,SPARC T4,240 W
1258,0,Nehemiah,11.25 W
1259,0,Eden-N,4 W
1260,0,C7 Esther,12 W
1261,2,C7-D Esther,20 W
1262,0,Eden ULV,1 W
1263,0,Luke,6 W
